{
  "camera": {
    "position": [
      -3.1775011222282608,
      1.2474373653804691,
      -1.24484895064303
    ],
    "target": [
      -0.24733064966252727,
      0.9496155038106564,
      0.5877986971313052
    ]
  },
  "cameraLocked": true
}
